SR.,NAME,GENDER,AGE,DATE ,COUNTRY
2,Nern ,Female,19,15/10/2017,France
3,Kallsie,Male,20,16/08/2016,France
5,Shennice,Male,22,21/05/2016,France
6,Chasse,Female,23,15/10/2018,France
10,Willoom,Female,27,15/10/2019,France
12,Rosma,Female,29,21/05/2017,France
13,Felisaas,Male,30,21/05/2018,France
15,Jeromyw,Female,32,16/08/2019,France
16,Rashid,Female,33,21/05/2018,France
20,Siuau,Female,37,21/05/2019,France
22,Chasse,Female,39,15/10/2022,France
23,Tommye,Female,40,16/08/2021,France
25,Angelee,Female,42,21/05/2021,France
26,Willoom,Female,43,15/10/2023,France
30,Demetas,Female,47,15/10/2024,France
32,Rashid,Female,49,21/05/2022,France
33,Dett,Female,50,21/05/2023,France
35,Kallsie,Female,52,16/08/2024,France
36,Siuau,Female,53,21/05/2023,France
40,Dorcast,Female,57,21/05/2024,France
42,Willoom,Female,59,15/10/2027,France
43,Waeston,Female,60,16/08/2026,France
45,Felisaas,Female,62,21/05/2026,France
46,Demetas,Female,63,15/10/2028,France
50,Nern ,Female,19,15/10/2017,France
51,Kallsie,Male,20,16/08/2016,France
53,Shennice,Male,22,21/05/2016,France
54,Chasse,Female,23,15/10/2018,France
58,Willoom,Female,27,15/10/2019,France
60,Rosma,Female,29,21/05/2017,France
61,Felisaas,Male,30,21/05/2018,France
63,Jeromyw,Female,32,16/08/2019,France
64,Rashid,Female,33,21/05/2018,France
68,Siuau,Female,37,21/05/2019,France
70,Chasse,Female,39,15/10/2022,France
71,Tommye,Female,40,16/08/2021,France
73,Angelee,Female,42,21/05/2021,France
74,Willoom,Female,43,15/10/2023,France
78,Demetas,Female,47,15/10/2024,France
80,Rashid,Female,49,21/05/2022,France
81,Dett,Female,50,21/05/2023,France
83,Kallsie,Female,52,16/08/2024,France
84,Siuau,Female,53,21/05/2023,France
88,Dorcast,Female,57,21/05/2024,France
90,Willoom,Female,59,15/10/2027,France
91,Waeston,Female,60,16/08/2026,France
93,Felisaas,Female,62,21/05/2026,France
94,Demetas,Female,63,15/10/2028,France
98,Nern ,Female,19,15/10/2017,France
99,Kallsie,Male,20,16/08/2016,France
101,Shennice,Male,22,21/05/2016,France
102,Chasse,Female,23,15/10/2018,France
106,Willoom,Female,27,15/10/2019,France
108,Rosma,Female,29,21/05/2017,France
109,Felisaas,Male,30,21/05/2018,France
111,Jeromyw,Female,32,16/08/2019,France
112,Rashid,Female,33,21/05/2018,France
116,Siuau,Female,37,21/05/2019,France
118,Chasse,Female,39,15/10/2022,France
119,Tommye,Female,40,16/08/2021,France
121,Angelee,Female,42,21/05/2021,France
122,Willoom,Female,43,15/10/2023,France
126,Demetas,Female,47,15/10/2024,France
128,Rashid,Female,49,21/05/2022,France
129,Dett,Female,50,21/05/2023,France
131,Kallsie,Female,52,16/08/2024,France
132,Siuau,Female,53,21/05/2023,France
136,Dorcast,Female,57,21/05/2024,France
138,Willoom,Female,59,15/10/2027,France
139,Waeston,Female,60,16/08/2026,France
141,Felisaas,Female,62,21/05/2026,France
142,Demetas,Female,63,15/10/2028,France
146,Nern ,Female,19,15/10/2017,France
147,Kallsie,Male,20,16/08/2016,France
149,Shennice,Male,22,21/05/2016,France
150,Chasse,Female,23,15/10/2018,France
154,Willoom,Female,27,15/10/2019,France
156,Rosma,Female,29,21/05/2017,France
157,Felisaas,Male,30,21/05/2018,France
159,Jeromyw,Female,32,16/08/2019,France
160,Rashid,Female,33,21/05/2018,France
164,Siuau,Female,37,21/05/2019,France
166,Chasse,Female,39,15/10/2022,France
167,Tommye,Female,40,16/08/2021,France
169,Angelee,Female,42,21/05/2021,France
170,Willoom,Female,43,15/10/2023,France
174,Demetas,Female,47,15/10/2024,France
176,Rashid,Female,49,21/05/2022,France
177,Dett,Female,50,21/05/2023,France
179,Kallsie,Female,52,16/08/2024,France
180,Siuau,Female,53,21/05/2023,France
184,Dorcast,Female,57,21/05/2024,France
186,Willoom,Female,59,15/10/2027,France
187,Waeston,Female,60,16/08/2026,France
189,Felisaas,Female,62,21/05/2026,France
190,Demetas,Female,63,15/10/2028,France
194,Nern ,Female,19,15/10/2017,France
195,Kallsie,Male,20,16/08/2016,France
197,Shennice,Male,22,21/05/2016,France
198,Chasse,Female,23,15/10/2018,France
202,Willoom,Female,27,15/10/2019,France
204,Rosma,Female,29,21/05/2017,France
205,Felisaas,Male,30,21/05/2018,France
207,Jeromyw,Female,32,16/08/2019,France
208,Rashid,Female,33,21/05/2018,France
212,Siuau,Female,37,21/05/2019,France
214,Chasse,Female,39,15/10/2022,France
215,Tommye,Female,40,16/08/2021,France
217,Angelee,Female,42,21/05/2021,France
218,Willoom,Female,43,15/10/2023,France
222,Demetas,Female,47,15/10/2024,France
224,Rashid,Female,49,21/05/2022,France
225,Dett,Female,50,21/05/2023,France
227,Kallsie,Female,52,16/08/2024,France
228,Siuau,Female,53,21/05/2023,France
232,Dorcast,Female,57,21/05/2024,France
234,Willoom,Female,59,15/10/2027,France
235,Waeston,Female,60,16/08/2026,France
237,Felisaas,Female,62,21/05/2026,France
238,Demetas,Female,63,15/10/2028,France
242,Nern ,Female,19,15/10/2017,France
243,Kallsie,Male,20,16/08/2016,France
245,Shennice,Male,22,21/05/2016,France
246,Chasse,Female,23,15/10/2018,France
250,Willoom,Female,27,15/10/2019,France
252,Rosma,Female,29,21/05/2017,France
253,Felisaas,Male,30,21/05/2018,France
255,Jeromyw,Female,32,16/08/2019,France
256,Rashid,Female,33,21/05/2018,France
260,Siuau,Female,37,21/05/2019,France
262,Chasse,Female,39,15/10/2022,France
263,Tommye,Female,40,16/08/2021,France
265,Angelee,Female,42,21/05/2021,France
266,Willoom,Female,43,15/10/2023,France
270,Demetas,Female,47,15/10/2024,France
272,Rashid,Female,49,21/05/2022,France
273,Dett,Female,50,21/05/2023,France
275,Kallsie,Female,52,16/08/2024,France
276,Siuau,Female,53,21/05/2023,France
280,Dorcast,Female,57,21/05/2024,France
282,Willoom,Female,59,15/10/2027,France
283,Waeston,Female,60,16/08/2026,France
285,Felisaas,Female,62,21/05/2026,France
286,Demetas,Female,63,15/10/2028,France
290,Nern ,Female,19,15/10/2017,France
291,Kallsie,Male,20,16/08/2016,France
293,Shennice,Male,22,21/05/2016,France
294,Chasse,Female,23,15/10/2018,France
298,Willoom,Female,27,15/10/2019,France
300,Rosma,Female,29,21/05/2017,France
301,Felisaas,Male,30,21/05/2018,France
303,Jeromyw,Female,32,16/08/2019,France
304,Rashid,Female,33,21/05/2018,France
308,Siuau,Female,37,21/05/2019,France
310,Chasse,Female,39,15/10/2022,France
311,Tommye,Female,40,16/08/2021,France
313,Angelee,Female,42,21/05/2021,France
314,Willoom,Female,43,15/10/2023,France
318,Demetas,Female,47,15/10/2024,France
320,Rashid,Female,49,21/05/2022,France
321,Dett,Female,50,21/05/2023,France
323,Kallsie,Female,52,16/08/2024,France
324,Siuau,Female,53,21/05/2023,France
328,Dorcast,Female,57,21/05/2024,France
330,Willoom,Female,59,15/10/2027,France
331,Waeston,Female,60,16/08/2026,France
333,Felisaas,Female,62,21/05/2026,France
334,Demetas,Female,63,15/10/2028,France
338,Nern ,Female,19,15/10/2017,France
339,Kallsie,Male,20,16/08/2016,France
341,Shennice,Male,22,21/05/2016,France
342,Chasse,Female,23,15/10/2018,France
346,Willoom,Female,27,15/10/2019,France
348,Rosma,Female,29,21/05/2017,France
349,Felisaas,Male,30,21/05/2018,France
351,Jeromyw,Female,32,16/08/2019,France
352,Rashid,Female,33,21/05/2018,France
356,Siuau,Female,37,21/05/2019,France
358,Chasse,Female,39,15/10/2022,France
359,Tommye,Female,40,16/08/2021,France
361,Angelee,Female,42,21/05/2021,France
362,Willoom,Female,43,15/10/2023,France
366,Demetas,Female,47,15/10/2024,France
368,Rashid,Female,49,21/05/2022,France
369,Dett,Female,50,21/05/2023,France
371,Kallsie,Female,52,16/08/2024,France
372,Siuau,Female,53,21/05/2023,France
376,Dorcast,Female,57,21/05/2024,France
378,Willoom,Female,59,15/10/2027,France
379,Waeston,Female,60,16/08/2026,France
381,Felisaas,Female,62,21/05/2026,France
382,Demetas,Female,63,15/10/2028,France
386,Nern ,Female,19,15/10/2017,France
387,Kallsie,Male,20,16/08/2016,France
389,Shennice,Male,22,21/05/2016,France
390,Chasse,Female,23,15/10/2018,France
394,Willoom,Female,27,15/10/2019,France
396,Rosma,Female,29,21/05/2017,France
397,Felisaas,Male,30,21/05/2018,France
399,Jeromyw,Female,32,16/08/2019,France
400,Rashid,Female,33,21/05/2018,France
404,Siuau,Female,37,21/05/2019,France
406,Chasse,Female,39,15/10/2022,France
407,Tommye,Female,40,16/08/2021,France
409,Angelee,Female,42,21/05/2021,France
410,Willoom,Female,43,15/10/2023,France
414,Demetas,Female,47,15/10/2024,France
416,Rashid,Female,49,21/05/2022,France
417,Dett,Female,50,21/05/2023,France
419,Kallsie,Female,52,16/08/2024,France
420,Siuau,Female,53,21/05/2023,France
424,Dorcast,Female,57,21/05/2024,France
426,Willoom,Female,59,15/10/2027,France
427,Waeston,Female,60,16/08/2026,France
429,Felisaas,Female,62,21/05/2026,France
430,Demetas,Female,63,15/10/2028,France
434,Nern ,Female,19,15/10/2017,France
435,Kallsie,Male,20,16/08/2016,France
437,Shennice,Male,22,21/05/2016,France
438,Chasse,Female,23,15/10/2018,France
442,Willoom,Female,27,15/10/2019,France
444,Rosma,Female,29,21/05/2017,France
445,Felisaas,Male,30,21/05/2018,France
447,Jeromyw,Female,32,16/08/2019,France
448,Rashid,Female,33,21/05/2018,France
452,Siuau,Female,37,21/05/2019,France
454,Chasse,Female,39,15/10/2022,France
455,Tommye,Female,40,16/08/2021,France
457,Angelee,Female,42,21/05/2021,France
458,Willoom,Female,43,15/10/2023,France
462,Demetas,Female,47,15/10/2024,France
464,Rashid,Female,49,21/05/2022,France
465,Dett,Female,50,21/05/2023,France
467,Kallsie,Female,52,16/08/2024,France
468,Siuau,Female,53,21/05/2023,France
472,Dorcast,Female,57,21/05/2024,France
474,Willoom,Female,59,15/10/2027,France
475,Waeston,Female,60,16/08/2026,France
477,Felisaas,Female,62,21/05/2026,France
478,Demetas,Female,63,15/10/2028,France
482,Nern ,Female,19,15/10/2017,France
483,Kallsie,Male,20,16/08/2016,France
485,Shennice,Male,22,21/05/2016,France
486,Chasse,Female,23,15/10/2018,France
490,Willoom,Female,27,15/10/2019,France
492,Rosma,Female,29,21/05/2017,France
493,Felisaas,Male,30,21/05/2018,France
495,Jeromyw,Female,32,16/08/2019,France
496,Rashid,Female,33,21/05/2018,France
500,Siuau,Female,37,21/05/2019,France
502,Chasse,Female,39,15/10/2022,France
503,Tommye,Female,40,16/08/2021,France
505,Angelee,Female,42,21/05/2021,France
506,Willoom,Female,43,15/10/2023,France
510,Demetas,Female,47,15/10/2024,France
512,Rashid,Female,49,21/05/2022,France
513,Dett,Female,50,21/05/2023,France
515,Kallsie,Female,52,16/08/2024,France
516,Siuau,Female,53,21/05/2023,France
520,Dorcast,Female,57,21/05/2024,France
522,Willoom,Female,59,15/10/2027,France
523,Waeston,Female,60,16/08/2026,France
525,Felisaas,Female,62,21/05/2026,France
526,Demetas,Female,63,15/10/2028,France
531,Siuau,Female,37,21/05/2019,France
533,Chasse,Female,39,15/10/2022,France
534,Tommye,Female,40,16/08/2021,France
536,Angelee,Female,42,21/05/2021,France
537,Willoom,Female,43,15/10/2023,France
541,Demetas,Female,47,15/10/2024,France
543,Rashid,Female,49,21/05/2022,France
544,Dett,Female,50,21/05/2023,France
546,Kallsie,Female,52,16/08/2024,France
547,Siuau,Female,53,21/05/2023,France
551,Dorcast,Female,57,21/05/2024,France
553,Willoom,Female,59,15/10/2027,France
554,Waeston,Female,60,16/08/2026,France
556,Felisaas,Female,62,21/05/2026,France
557,Demetas,Female,63,15/10/2028,France
562,Siuau,Female,37,21/05/2019,France
564,Chasse,Female,39,15/10/2022,France
565,Tommye,Female,40,16/08/2021,France
567,Angelee,Female,42,21/05/2021,France
568,Willoom,Female,43,15/10/2023,France
572,Demetas,Female,47,15/10/2024,France
574,Rashid,Female,49,21/05/2022,France
575,Dett,Female,50,21/05/2023,France
577,Kallsie,Female,52,16/08/2024,France
578,Siuau,Female,53,21/05/2023,France
582,Dorcast,Female,57,21/05/2024,France
584,Willoom,Female,59,15/10/2027,France
585,Waeston,Female,60,16/08/2026,France
587,Felisaas,Female,62,21/05/2026,France
588,Demetas,Female,63,15/10/2028,France
593,Siuau,Female,37,21/05/2019,France
595,Chasse,Female,39,15/10/2022,France
596,Tommye,Female,40,16/08/2021,France
598,Angelee,Female,42,21/05/2021,France
599,Willoom,Female,43,15/10/2023,France
603,Demetas,Female,47,15/10/2024,France
605,Rashid,Female,49,21/05/2022,France
606,Dett,Female,50,21/05/2023,France
608,Kallsie,Female,52,16/08/2024,France
609,Siuau,Female,53,21/05/2023,France
613,Dorcast,Female,57,21/05/2024,France
615,Willoom,Female,59,15/10/2027,France
616,Waeston,Female,60,16/08/2026,France
618,Felisaas,Female,62,21/05/2026,France
619,Demetas,Female,63,15/10/2028,France
624,Siuau,Female,37,21/05/2019,France
626,Chasse,Female,39,15/10/2022,France
627,Tommye,Female,40,16/08/2021,France
629,Angelee,Female,42,21/05/2021,France
630,Willoom,Female,43,15/10/2023,France
634,Demetas,Female,47,15/10/2024,France
636,Rashid,Female,49,21/05/2022,France
637,Dett,Female,50,21/05/2023,France
639,Kallsie,Female,52,16/08/2024,France
640,Siuau,Female,53,21/05/2023,France
644,Dorcast,Female,57,21/05/2024,France
646,Willoom,Female,59,15/10/2027,France
647,Waeston,Female,60,16/08/2026,France
649,Felisaas,Female,62,21/05/2026,France
650,Demetas,Female,63,15/10/2028,France
655,Siuau,Female,37,21/05/2019,France
657,Chasse,Female,39,15/10/2022,France
658,Tommye,Female,40,16/08/2021,France
660,Angelee,Female,42,21/05/2021,France
661,Willoom,Female,43,15/10/2023,France
665,Demetas,Female,47,15/10/2024,France
667,Rashid,Female,49,21/05/2022,France
668,Dett,Female,50,21/05/2023,France
670,Kallsie,Female,52,16/08/2024,France
671,Siuau,Female,53,21/05/2023,France
675,Dorcast,Female,57,21/05/2024,France
677,Willoom,Female,59,15/10/2027,France
678,Waeston,Female,60,16/08/2026,France
680,Felisaas,Female,62,21/05/2026,France
681,Demetas,Female,63,15/10/2028,France
686,Siuau,Female,37,21/05/2019,France
688,Chasse,Female,39,15/10/2022,France
689,Tommye,Female,40,16/08/2021,France
691,Angelee,Female,42,21/05/2021,France
692,Willoom,Female,43,15/10/2023,France
696,Demetas,Female,47,15/10/2024,France
698,Rashid,Female,49,21/05/2022,France
699,Dett,Female,50,21/05/2023,France
701,Kallsie,Female,52,16/08/2024,France
702,Siuau,Female,53,21/05/2023,France
706,Dorcast,Female,57,21/05/2024,France
708,Willoom,Female,59,15/10/2027,France
709,Waeston,Female,60,16/08/2026,France
711,Felisaas,Female,62,21/05/2026,France
712,Demetas,Female,63,15/10/2028,France
717,Siuau,Female,37,21/05/2019,France
719,Chasse,Female,39,15/10/2022,France
720,Tommye,Female,40,16/08/2021,France
722,Angelee,Female,42,21/05/2021,France
723,Willoom,Female,43,15/10/2023,France
727,Demetas,Female,47,15/10/2024,France
729,Rashid,Female,49,21/05/2022,France
730,Dett,Female,50,21/05/2023,France
732,Kallsie,Female,52,16/08/2024,France
733,Siuau,Female,53,21/05/2023,France
737,Dorcast,Female,57,21/05/2024,France
739,Willoom,Female,59,15/10/2027,France
740,Waeston,Female,60,16/08/2026,France
742,Felisaas,Female,62,21/05/2026,France
743,Demetas,Female,63,15/10/2028,France
748,Siuau,Female,37,21/05/2019,France
750,Chasse,Female,39,15/10/2022,France
751,Tommye,Female,40,16/08/2021,France
753,Angelee,Female,42,21/05/2021,France
754,Willoom,Female,43,15/10/2023,France
758,Demetas,Female,47,15/10/2024,France
760,Rashid,Female,49,21/05/2022,France
761,Dett,Female,50,21/05/2023,France
763,Kallsie,Female,52,16/08/2024,France
764,Siuau,Female,53,21/05/2023,France
768,Dorcast,Female,57,21/05/2024,France
770,Willoom,Female,59,15/10/2027,France
771,Waeston,Female,60,16/08/2026,France
773,Felisaas,Female,62,21/05/2026,France
774,Demetas,Female,63,15/10/2028,France
779,Siuau,Female,37,21/05/2019,France
781,Chasse,Female,39,15/10/2022,France
782,Tommye,Female,40,16/08/2021,France
784,Angelee,Female,42,21/05/2021,France
785,Willoom,Female,43,15/10/2023,France
789,Demetas,Female,47,15/10/2024,France
791,Rashid,Female,49,21/05/2022,France
792,Dett,Female,50,21/05/2023,France
794,Kallsie,Female,52,16/08/2024,France
795,Siuau,Female,53,21/05/2023,France
799,Dorcast,Female,57,21/05/2024,France
801,Willoom,Female,59,15/10/2027,France
802,Waeston,Female,60,16/08/2026,France
804,Felisaas,Female,62,21/05/2026,France
805,Demetas,Female,63,15/10/2028,France
810,Siuau,Female,37,21/05/2019,France
812,Chasse,Female,39,15/10/2022,France
813,Tommye,Female,40,16/08/2021,France
815,Angelee,Female,42,21/05/2021,France
816,Willoom,Female,43,15/10/2023,France
820,Demetas,Female,47,15/10/2024,France
822,Rashid,Female,49,21/05/2022,France
823,Dett,Female,50,21/05/2023,France
825,Kallsie,Female,52,16/08/2024,France
826,Siuau,Female,53,21/05/2023,France
830,Dorcast,Female,57,21/05/2024,France
832,Willoom,Female,59,15/10/2027,France
833,Waeston,Female,60,16/08/2026,France
835,Felisaas,Female,62,21/05/2026,France
836,Demetas,Female,63,15/10/2028,France
841,Siuau,Female,37,21/05/2019,France
843,Chasse,Female,39,15/10/2022,France
844,Tommye,Female,40,16/08/2021,France
846,Angelee,Female,42,21/05/2021,France
847,Willoom,Female,43,15/10/2023,France
851,Demetas,Female,47,15/10/2024,France
853,Rashid,Female,49,21/05/2022,France
854,Dett,Female,50,21/05/2023,France
856,Kallsie,Female,52,16/08/2024,France
857,Siuau,Female,53,21/05/2023,France
861,Dorcast,Female,57,21/05/2024,France
863,Willoom,Female,59,15/10/2027,France
864,Waeston,Female,60,16/08/2026,France
866,Felisaas,Female,62,21/05/2026,France
867,Demetas,Female,63,15/10/2028,France
872,Siuau,Female,37,21/05/2019,France
874,Chasse,Female,39,15/10/2022,France
875,Tommye,Female,40,16/08/2021,France
877,Angelee,Female,42,21/05/2021,France
878,Willoom,Female,43,15/10/2023,France
882,Demetas,Female,47,15/10/2024,France
884,Rashid,Female,49,21/05/2022,France
885,Dett,Female,50,21/05/2023,France
887,Kallsie,Female,52,16/08/2024,France
888,Siuau,Female,53,21/05/2023,France
892,Dorcast,Female,57,21/05/2024,France
894,Willoom,Female,59,15/10/2027,France
895,Waeston,Female,60,16/08/2026,France
897,Felisaas,Female,62,21/05/2026,France
898,Demetas,Female,63,15/10/2028,France
902,Nern ,Female,19,15/10/2017,France
903,Kallsie,Male,20,16/08/2016,France
905,Shennice,Male,22,21/05/2016,France
906,Chasse,Female,23,15/10/2018,France
910,Willoom,Female,27,15/10/2019,France
912,Rosma,Female,29,21/05/2017,France
913,Felisaas,Male,30,21/05/2018,France
915,Jeromyw,Female,32,16/08/2019,France
916,Rashid,Female,33,21/05/2018,France
920,Siuau,Female,37,21/05/2019,France
922,Chasse,Female,39,15/10/2022,France
923,Tommye,Female,40,16/08/2021,France
925,Angelee,Female,42,21/05/2021,France
926,Willoom,Female,43,15/10/2023,France
930,Demetas,Female,47,15/10/2024,France
932,Rashid,Female,49,21/05/2022,France
933,Dett,Female,50,21/05/2023,France
935,Kallsie,Female,52,16/08/2024,France
936,Siuau,Female,53,21/05/2023,France
940,Dorcast,Female,57,21/05/2024,France
942,Willoom,Female,59,15/10/2027,France
943,Waeston,Female,60,16/08/2026,France
945,Felisaas,Female,62,21/05/2026,France
946,Demetas,Female,63,15/10/2028,France
950,Nern ,Female,19,15/10/2017,France
951,Kallsie,Male,20,16/08/2016,France
953,Shennice,Male,22,21/05/2016,France
954,Chasse,Female,23,15/10/2018,France
958,Willoom,Female,27,15/10/2019,France
960,Rosma,Female,29,21/05/2017,France
961,Felisaas,Male,30,21/05/2018,France
963,Jeromyw,Female,32,16/08/2019,France
964,Rashid,Female,33,21/05/2018,France
968,Siuau,Female,37,21/05/2019,France
970,Chasse,Female,39,15/10/2022,France
971,Tommye,Female,40,16/08/2021,France
973,Angelee,Female,42,21/05/2021,France
974,Willoom,Female,43,15/10/2023,France
978,Demetas,Female,47,15/10/2024,France
980,Rashid,Female,49,21/05/2022,France
981,Dett,Female,50,21/05/2023,France
983,Kallsie,Female,52,16/08/2024,France
984,Siuau,Female,53,21/05/2023,France
988,Dorcast,Female,57,21/05/2024,France
990,Willoom,Female,59,15/10/2027,France
991,Waeston,Female,60,16/08/2026,France
993,Felisaas,Female,62,21/05/2026,France
994,Demetas,Female,63,15/10/2028,France
998,Nern ,Female,19,15/10/2017,France
999,Kallsie,Male,20,16/08/2016,France
1001,Shennice,Male,22,21/05/2016,France
1002,Chasse,Female,23,15/10/2018,France
1006,Willoom,Female,27,15/10/2019,France
1008,Rosma,Female,29,21/05/2017,France
1009,Felisaas,Male,30,21/05/2018,France
1011,Jeromyw,Female,32,16/08/2019,France
1012,Rashid,Female,33,21/05/2018,France
1016,Siuau,Female,37,21/05/2019,France
1018,Chasse,Female,39,15/10/2022,France
1019,Tommye,Female,40,16/08/2021,France
1021,Angelee,Female,42,21/05/2021,France
1022,Willoom,Female,43,15/10/2023,France
1026,Demetas,Female,47,15/10/2024,France
1028,Rashid,Female,49,21/05/2022,France
1029,Dett,Female,50,21/05/2023,France
1031,Kallsie,Female,52,16/08/2024,France
1032,Siuau,Female,53,21/05/2023,France
1036,Dorcast,Female,57,21/05/2024,France
1038,Willoom,Female,59,15/10/2027,France
1039,Waeston,Female,60,16/08/2026,France
1041,Felisaas,Female,62,21/05/2026,France
1042,Demetas,Female,63,15/10/2028,France
1046,Nern ,Female,19,15/10/2017,France
1047,Kallsie,Male,20,16/08/2016,France
1049,Shennice,Male,22,21/05/2016,France
1050,Chasse,Female,23,15/10/2018,France
1054,Willoom,Female,27,15/10/2019,France
1056,Rosma,Female,29,21/05/2017,France
1057,Felisaas,Male,30,21/05/2018,France
1059,Jeromyw,Female,32,16/08/2019,France
1060,Rashid,Female,33,21/05/2018,France
1064,Siuau,Female,37,21/05/2019,France
1066,Chasse,Female,39,15/10/2022,France
1067,Tommye,Female,40,16/08/2021,France
1069,Angelee,Female,42,21/05/2021,France
1070,Willoom,Female,43,15/10/2023,France
1074,Demetas,Female,47,15/10/2024,France
1076,Rashid,Female,49,21/05/2022,France
1077,Dett,Female,50,21/05/2023,France
1079,Kallsie,Female,52,16/08/2024,France
1080,Siuau,Female,53,21/05/2023,France
1084,Dorcast,Female,57,21/05/2024,France
1086,Willoom,Female,59,15/10/2027,France
1087,Waeston,Female,60,16/08/2026,France
1089,Felisaas,Female,62,21/05/2026,France
1090,Demetas,Female,63,15/10/2028,France
1094,Nern ,Female,19,15/10/2017,France
1095,Kallsie,Male,20,16/08/2016,France
1097,Shennice,Male,22,21/05/2016,France
1098,Chasse,Female,23,15/10/2018,France
1102,Willoom,Female,27,15/10/2019,France
1104,Rosma,Female,29,21/05/2017,France
1105,Felisaas,Male,30,21/05/2018,France
1107,Jeromyw,Female,32,16/08/2019,France
1108,Rashid,Female,33,21/05/2018,France
1112,Siuau,Female,37,21/05/2019,France
1114,Chasse,Female,39,15/10/2022,France
1115,Tommye,Female,40,16/08/2021,France
1117,Angelee,Female,42,21/05/2021,France
1118,Willoom,Female,43,15/10/2023,France
1122,Demetas,Female,47,15/10/2024,France
1124,Rashid,Female,49,21/05/2022,France
1125,Dett,Female,50,21/05/2023,France
1127,Kallsie,Female,52,16/08/2024,France
1128,Siuau,Female,53,21/05/2023,France
1132,Dorcast,Female,57,21/05/2024,France
1134,Willoom,Female,59,15/10/2027,France
1135,Waeston,Female,60,16/08/2026,France
1137,Felisaas,Female,62,21/05/2026,France
1138,Demetas,Female,63,15/10/2028,France
1142,Nern ,Female,19,15/10/2017,France
1143,Kallsie,Male,20,16/08/2016,France
1145,Shennice,Male,22,21/05/2016,France
1146,Chasse,Female,23,15/10/2018,France
1150,Willoom,Female,27,15/10/2019,France
1152,Rosma,Female,29,21/05/2017,France
1153,Felisaas,Male,30,21/05/2018,France
1155,Jeromyw,Female,32,16/08/2019,France
1156,Rashid,Female,33,21/05/2018,France
1160,Siuau,Female,37,21/05/2019,France
1162,Chasse,Female,39,15/10/2022,France
1163,Tommye,Female,40,16/08/2021,France
1165,Angelee,Female,42,21/05/2021,France
1166,Willoom,Female,43,15/10/2023,France
1170,Demetas,Female,47,15/10/2024,France
1172,Rashid,Female,49,21/05/2022,France
1173,Dett,Female,50,21/05/2023,France
1175,Kallsie,Female,52,16/08/2024,France
1176,Siuau,Female,53,21/05/2023,France
1180,Dorcast,Female,57,21/05/2024,France
1182,Willoom,Female,59,15/10/2027,France
1183,Waeston,Female,60,16/08/2026,France
1185,Felisaas,Female,62,21/05/2026,France
1186,Demetas,Female,63,15/10/2028,France
1190,Nern ,Female,19,15/10/2017,France
1191,Kallsie,Male,20,16/08/2016,France
1193,Shennice,Male,22,21/05/2016,France
1194,Chasse,Female,23,15/10/2018,France
1198,Willoom,Female,27,15/10/2019,France
1200,Rosma,Female,29,21/05/2017,France
1201,Felisaas,Male,30,21/05/2018,France
1203,Jeromyw,Female,32,16/08/2019,France
1204,Rashid,Female,33,21/05/2018,France
1208,Siuau,Female,37,21/05/2019,France
1210,Chasse,Female,39,15/10/2022,France
1211,Tommye,Female,40,16/08/2021,France
1213,Angelee,Female,42,21/05/2021,France
1214,Willoom,Female,43,15/10/2023,France
1218,Demetas,Female,47,15/10/2024,France
1220,Rashid,Female,49,21/05/2022,France
1221,Dett,Female,50,21/05/2023,France
1223,Kallsie,Female,52,16/08/2024,France
1224,Siuau,Female,53,21/05/2023,France
1228,Dorcast,Female,57,21/05/2024,France
1230,Willoom,Female,59,15/10/2027,France
1231,Waeston,Female,60,16/08/2026,France
1233,Felisaas,Female,62,21/05/2026,France
1234,Demetas,Female,63,15/10/2028,France
1238,Nern ,Female,19,15/10/2017,France
1239,Kallsie,Male,20,16/08/2016,France
1241,Shennice,Male,22,21/05/2016,France
1242,Chasse,Female,23,15/10/2018,France
1246,Willoom,Female,27,15/10/2019,France
1248,Rosma,Female,29,21/05/2017,France
1249,Felisaas,Male,30,21/05/2018,France
1251,Jeromyw,Female,32,16/08/2019,France
1252,Rashid,Female,33,21/05/2018,France
1256,Siuau,Female,37,21/05/2019,France
1258,Chasse,Female,39,15/10/2022,France
1259,Tommye,Female,40,16/08/2021,France
1261,Angelee,Female,42,21/05/2021,France
1262,Willoom,Female,43,15/10/2023,France
1266,Demetas,Female,47,15/10/2024,France
1268,Rashid,Female,49,21/05/2022,France
1269,Dett,Female,50,21/05/2023,France
1271,Kallsie,Female,52,16/08/2024,France
1272,Siuau,Female,53,21/05/2023,France
1276,Dorcast,Female,57,21/05/2024,France
1278,Willoom,Female,59,15/10/2027,France
1279,Waeston,Female,60,16/08/2026,France
1281,Felisaas,Female,62,21/05/2026,France
1282,Demetas,Female,63,15/10/2028,France
1286,Nern ,Female,19,15/10/2017,France
1287,Kallsie,Male,20,16/08/2016,France
1289,Shennice,Male,22,21/05/2016,France
1290,Chasse,Female,23,15/10/2018,France
1294,Willoom,Female,27,15/10/2019,France
1296,Rosma,Female,29,21/05/2017,France
1297,Felisaas,Male,30,21/05/2018,France
1299,Jeromyw,Female,32,16/08/2019,France
1300,Rashid,Female,33,21/05/2018,France
1304,Siuau,Female,37,21/05/2019,France
1306,Chasse,Female,39,15/10/2022,France
1307,Tommye,Female,40,16/08/2021,France
1309,Angelee,Female,42,21/05/2021,France
1310,Willoom,Female,43,15/10/2023,France
1314,Demetas,Female,47,15/10/2024,France
1316,Rashid,Female,49,21/05/2022,France
1317,Dett,Female,50,21/05/2023,France
1319,Kallsie,Female,52,16/08/2024,France
1320,Siuau,Female,53,21/05/2023,France
1324,Dorcast,Female,57,21/05/2024,France
1326,Willoom,Female,59,15/10/2027,France
1327,Waeston,Female,60,16/08/2026,France
1329,Felisaas,Female,62,21/05/2026,France
1330,Demetas,Female,63,15/10/2028,France
1334,Nern ,Female,19,15/10/2017,France
1335,Kallsie,Male,20,16/08/2016,France
1337,Shennice,Male,22,21/05/2016,France
1338,Chasse,Female,23,15/10/2018,France
1342,Willoom,Female,27,15/10/2019,France
1344,Rosma,Female,29,21/05/2017,France
1345,Felisaas,Male,30,21/05/2018,France
1347,Jeromyw,Female,32,16/08/2019,France
1348,Rashid,Female,33,21/05/2018,France
1352,Siuau,Female,37,21/05/2019,France
1354,Chasse,Female,39,15/10/2022,France
1355,Tommye,Female,40,16/08/2021,France
1357,Angelee,Female,42,21/05/2021,France
1358,Willoom,Female,43,15/10/2023,France
1362,Demetas,Female,47,15/10/2024,France
1364,Rashid,Female,49,21/05/2022,France
1365,Dett,Female,50,21/05/2023,France
1367,Kallsie,Female,52,16/08/2024,France
1368,Siuau,Female,53,21/05/2023,France
1372,Dorcast,Female,57,21/05/2024,France
1374,Willoom,Female,59,15/10/2027,France
1375,Waeston,Female,60,16/08/2026,France
1377,Felisaas,Female,62,21/05/2026,France
1378,Demetas,Female,63,15/10/2028,France
1382,Nern ,Female,19,15/10/2017,France
1383,Kallsie,Male,20,16/08/2016,France
1385,Shennice,Male,22,21/05/2016,France
1386,Chasse,Female,23,15/10/2018,France
1390,Willoom,Female,27,15/10/2019,France
1392,Rosma,Female,29,21/05/2017,France
1393,Felisaas,Male,30,21/05/2018,France
1395,Jeromyw,Female,32,16/08/2019,France
1396,Rashid,Female,33,21/05/2018,France
1400,Siuau,Female,37,21/05/2019,France
1402,Chasse,Female,39,15/10/2022,France
1403,Tommye,Female,40,16/08/2021,France
1405,Angelee,Female,42,21/05/2021,France
1406,Willoom,Female,43,15/10/2023,France
1410,Demetas,Female,47,15/10/2024,France
1412,Rashid,Female,49,21/05/2022,France
1413,Dett,Female,50,21/05/2023,France
1415,Kallsie,Female,52,16/08/2024,France
1416,Siuau,Female,53,21/05/2023,France
1420,Dorcast,Female,57,21/05/2024,France
1422,Willoom,Female,59,15/10/2027,France
1423,Waeston,Female,60,16/08/2026,France
1425,Felisaas,Female,62,21/05/2026,France
1426,Demetas,Female,63,15/10/2028,France
1431,Siuau,Female,37,21/05/2019,France
1433,Chasse,Female,39,15/10/2022,France
1434,Tommye,Female,40,16/08/2021,France
1436,Angelee,Female,42,21/05/2021,France
1437,Willoom,Female,43,15/10/2023,France
1441,Demetas,Female,47,15/10/2024,France
1443,Rashid,Female,49,21/05/2022,France
1444,Dett,Female,50,21/05/2023,France
1446,Kallsie,Female,52,16/08/2024,France
1447,Siuau,Female,53,21/05/2023,France
1451,Dorcast,Female,57,21/05/2024,France
1453,Willoom,Female,59,15/10/2027,France
1454,Waeston,Female,60,16/08/2026,France
1456,Felisaas,Female,62,21/05/2026,France
1457,Demetas,Female,63,15/10/2028,France
1462,Siuau,Female,37,21/05/2019,France
1464,Chasse,Female,39,15/10/2022,France
1465,Tommye,Female,40,16/08/2021,France
1467,Angelee,Female,42,21/05/2021,France
1468,Willoom,Female,43,15/10/2023,France
1472,Demetas,Female,47,15/10/2024,France
1474,Rashid,Female,49,21/05/2022,France
1475,Dett,Female,50,21/05/2023,France
1477,Kallsie,Female,52,16/08/2024,France
1478,Siuau,Female,53,21/05/2023,France
1482,Dorcast,Female,57,21/05/2024,France
1484,Willoom,Female,59,15/10/2027,France
1485,Waeston,Female,60,16/08/2026,France
1487,Felisaas,Female,62,21/05/2026,France
1488,Demetas,Female,63,15/10/2028,France
1493,Siuau,Female,37,21/05/2019,France
1495,Chasse,Female,39,15/10/2022,France
1496,Tommye,Female,40,16/08/2021,France
1498,Angelee,Female,42,21/05/2021,France
1499,Willoom,Female,43,15/10/2023,France
1503,Demetas,Female,47,15/10/2024,France
1505,Rashid,Female,49,21/05/2022,France
1506,Dett,Female,50,21/05/2023,France
1508,Kallsie,Female,52,16/08/2024,France
1509,Siuau,Female,53,21/05/2023,France
1513,Dorcast,Female,57,21/05/2024,France
1515,Willoom,Female,59,15/10/2027,France
1516,Waeston,Female,60,16/08/2026,France
1518,Felisaas,Female,62,21/05/2026,France
1519,Demetas,Female,63,15/10/2028,France
1524,Siuau,Female,37,21/05/2019,France
1526,Chasse,Female,39,15/10/2022,France
1527,Tommye,Female,40,16/08/2021,France
1529,Angelee,Female,42,21/05/2021,France
1530,Willoom,Female,43,15/10/2023,France
1534,Demetas,Female,47,15/10/2024,France
1536,Rashid,Female,49,21/05/2022,France
1537,Dett,Female,50,21/05/2023,France
1539,Kallsie,Female,52,16/08/2024,France
1540,Siuau,Female,53,21/05/2023,France
1544,Dorcast,Female,57,21/05/2024,France
1546,Willoom,Female,59,15/10/2027,France
1547,Waeston,Female,60,16/08/2026,France
1549,Felisaas,Female,62,21/05/2026,France
1550,Demetas,Female,63,15/10/2028,France
1555,Siuau,Female,37,21/05/2019,France
1557,Chasse,Female,39,15/10/2022,France
1558,Tommye,Female,40,16/08/2021,France
1560,Angelee,Female,42,21/05/2021,France
1561,Willoom,Female,43,15/10/2023,France
1565,Demetas,Female,47,15/10/2024,France
1567,Rashid,Female,49,21/05/2022,France
1568,Dett,Female,50,21/05/2023,France
1570,Kallsie,Female,52,16/08/2024,France
1571,Siuau,Female,53,21/05/2023,France
1575,Dorcast,Female,57,21/05/2024,France
1577,Willoom,Female,59,15/10/2027,France
1578,Waeston,Female,60,16/08/2026,France
1580,Felisaas,Female,62,21/05/2026,France
1581,Demetas,Female,63,15/10/2028,France
1586,Siuau,Female,37,21/05/2019,France
1588,Chasse,Female,39,15/10/2022,France
1589,Tommye,Female,40,16/08/2021,France
1591,Angelee,Female,42,21/05/2021,France
1592,Willoom,Female,43,15/10/2023,France
1596,Demetas,Female,47,15/10/2024,France
1598,Rashid,Female,49,21/05/2022,France
1599,Dett,Female,50,21/05/2023,France
1601,Kallsie,Female,52,16/08/2024,France
1602,Siuau,Female,53,21/05/2023,France
1606,Dorcast,Female,57,21/05/2024,France
1608,Willoom,Female,59,15/10/2027,France
1609,Waeston,Female,60,16/08/2026,France
1611,Felisaas,Female,62,21/05/2026,France
1612,Demetas,Female,63,15/10/2028,France
1617,Siuau,Female,37,21/05/2019,France
1619,Chasse,Female,39,15/10/2022,France
1620,Tommye,Female,40,16/08/2021,France
1622,Angelee,Female,42,21/05/2021,France
1623,Willoom,Female,43,15/10/2023,France
1627,Demetas,Female,47,15/10/2024,France
1629,Rashid,Female,49,21/05/2022,France
1630,Dett,Female,50,21/05/2023,France
1632,Kallsie,Female,52,16/08/2024,France
1633,Siuau,Female,53,21/05/2023,France
1637,Dorcast,Female,57,21/05/2024,France
1639,Willoom,Female,59,15/10/2027,France
1640,Waeston,Female,60,16/08/2026,France
1642,Felisaas,Female,62,21/05/2026,France
1643,Demetas,Female,63,15/10/2028,France
1648,Siuau,Female,37,21/05/2019,France
1650,Chasse,Female,39,15/10/2022,France
1651,Tommye,Female,40,16/08/2021,France
1653,Angelee,Female,42,21/05/2021,France
1654,Willoom,Female,43,15/10/2023,France
1658,Demetas,Female,47,15/10/2024,France
1660,Rashid,Female,49,21/05/2022,France
1661,Dett,Female,50,21/05/2023,France
1663,Kallsie,Female,52,16/08/2024,France
1664,Siuau,Female,53,21/05/2023,France
1668,Dorcast,Female,57,21/05/2024,France
1670,Willoom,Female,59,15/10/2027,France
1671,Waeston,Female,60,16/08/2026,France
1673,Felisaas,Female,62,21/05/2026,France
1674,Demetas,Female,63,15/10/2028,France
1679,Siuau,Female,37,21/05/2019,France
1681,Chasse,Female,39,15/10/2022,France
1682,Tommye,Female,40,16/08/2021,France
1684,Angelee,Female,42,21/05/2021,France
1685,Willoom,Female,43,15/10/2023,France
1689,Demetas,Female,47,15/10/2024,France
1691,Rashid,Female,49,21/05/2022,France
1692,Dett,Female,50,21/05/2023,France
1694,Kallsie,Female,52,16/08/2024,France
1695,Siuau,Female,53,21/05/2023,France
1699,Dorcast,Female,57,21/05/2024,France
1701,Willoom,Female,59,15/10/2027,France
1702,Waeston,Female,60,16/08/2026,France
1704,Felisaas,Female,62,21/05/2026,France
1705,Demetas,Female,63,15/10/2028,France
1710,Siuau,Female,37,21/05/2019,France
1712,Chasse,Female,39,15/10/2022,France
1713,Tommye,Female,40,16/08/2021,France
1715,Angelee,Female,42,21/05/2021,France
1716,Willoom,Female,43,15/10/2023,France
1720,Demetas,Female,47,15/10/2024,France
1722,Rashid,Female,49,21/05/2022,France
1723,Dett,Female,50,21/05/2023,France
1725,Kallsie,Female,52,16/08/2024,France
1726,Siuau,Female,53,21/05/2023,France
1730,Dorcast,Female,57,21/05/2024,France
1732,Willoom,Female,59,15/10/2027,France
1733,Waeston,Female,60,16/08/2026,France
1735,Felisaas,Female,62,21/05/2026,France
1736,Demetas,Female,63,15/10/2028,France
1741,Siuau,Female,37,21/05/2019,France
1743,Chasse,Female,39,15/10/2022,France
1744,Tommye,Female,40,16/08/2021,France
1746,Angelee,Female,42,21/05/2021,France
1747,Willoom,Female,43,15/10/2023,France
1751,Demetas,Female,47,15/10/2024,France
1753,Rashid,Female,49,21/05/2022,France
1754,Dett,Female,50,21/05/2023,France
1756,Kallsie,Female,52,16/08/2024,France
1757,Siuau,Female,53,21/05/2023,France
1761,Dorcast,Female,57,21/05/2024,France
1763,Willoom,Female,59,15/10/2027,France
1764,Waeston,Female,60,16/08/2026,France
1766,Felisaas,Female,62,21/05/2026,France
1767,Demetas,Female,63,15/10/2028,France
1772,Siuau,Female,37,21/05/2019,France
1774,Chasse,Female,39,15/10/2022,France
1775,Tommye,Female,40,16/08/2021,France
1777,Angelee,Female,42,21/05/2021,France
1778,Willoom,Female,43,15/10/2023,France
1782,Demetas,Female,47,15/10/2024,France
1784,Rashid,Female,49,21/05/2022,France
1785,Dett,Female,50,21/05/2023,France
1787,Kallsie,Female,52,16/08/2024,France
1788,Siuau,Female,53,21/05/2023,France
1792,Dorcast,Female,57,21/05/2024,France
1794,Willoom,Female,59,15/10/2027,France
1795,Waeston,Female,60,16/08/2026,France
1797,Felisaas,Female,62,21/05/2026,France
1798,Demetas,Female,63,15/10/2028,France
1802,Nern ,Female,19,15/10/2017,France
1803,Kallsie,Male,20,16/08/2016,France
1805,Shennice,Male,22,21/05/2016,France
1806,Chasse,Female,23,15/10/2018,France
1810,Willoom,Female,27,15/10/2019,France
1812,Rosma,Female,29,21/05/2017,France
1813,Felisaas,Male,30,21/05/2018,France
1815,Jeromyw,Female,32,16/08/2019,France
1816,Rashid,Female,33,21/05/2018,France
1820,Siuau,Female,37,21/05/2019,France
1822,Chasse,Female,39,15/10/2022,France
1823,Tommye,Female,40,16/08/2021,France
1825,Angelee,Female,42,21/05/2021,France
1826,Willoom,Female,43,15/10/2023,France
1830,Demetas,Female,47,15/10/2024,France
1832,Rashid,Female,49,21/05/2022,France
1833,Dett,Female,50,21/05/2023,France
1835,Kallsie,Female,52,16/08/2024,France
1836,Siuau,Female,53,21/05/2023,France
1840,Dorcast,Female,57,21/05/2024,France
1842,Willoom,Female,59,15/10/2027,France
1843,Waeston,Female,60,16/08/2026,France
1845,Felisaas,Female,62,21/05/2026,France
1846,Demetas,Female,63,15/10/2028,France
1850,Nern ,Female,19,15/10/2017,France
1851,Kallsie,Male,20,16/08/2016,France
1853,Shennice,Male,22,21/05/2016,France
1854,Chasse,Female,23,15/10/2018,France
1858,Willoom,Female,27,15/10/2019,France
1860,Rosma,Female,29,21/05/2017,France
1861,Felisaas,Male,30,21/05/2018,France
1863,Jeromyw,Female,32,16/08/2019,France
1864,Rashid,Female,33,21/05/2018,France
1868,Siuau,Female,37,21/05/2019,France
1870,Chasse,Female,39,15/10/2022,France
1871,Tommye,Female,40,16/08/2021,France
1873,Angelee,Female,42,21/05/2021,France
1874,Willoom,Female,43,15/10/2023,France
1878,Demetas,Female,47,15/10/2024,France
1880,Rashid,Female,49,21/05/2022,France
1881,Dett,Female,50,21/05/2023,France
1883,Kallsie,Female,52,16/08/2024,France
1884,Siuau,Female,53,21/05/2023,France
1888,Dorcast,Female,57,21/05/2024,France
1890,Willoom,Female,59,15/10/2027,France
1891,Waeston,Female,60,16/08/2026,France
1893,Felisaas,Female,62,21/05/2026,France
1894,Demetas,Female,63,15/10/2028,France
1898,Nern ,Female,19,15/10/2017,France
1899,Kallsie,Male,20,16/08/2016,France
1901,Shennice,Male,22,21/05/2016,France
1902,Chasse,Female,23,15/10/2018,France
1906,Willoom,Female,27,15/10/2019,France
1908,Rosma,Female,29,21/05/2017,France
1909,Felisaas,Male,30,21/05/2018,France
1911,Jeromyw,Female,32,16/08/2019,France
1912,Rashid,Female,33,21/05/2018,France
1916,Siuau,Female,37,21/05/2019,France
1918,Chasse,Female,39,15/10/2022,France
1919,Tommye,Female,40,16/08/2021,France
1921,Angelee,Female,42,21/05/2021,France
1922,Willoom,Female,43,15/10/2023,France
1926,Demetas,Female,47,15/10/2024,France
1928,Rashid,Female,49,21/05/2022,France
1929,Dett,Female,50,21/05/2023,France
1931,Kallsie,Female,52,16/08/2024,France
1932,Siuau,Female,53,21/05/2023,France
1936,Dorcast,Female,57,21/05/2024,France
1938,Willoom,Female,59,15/10/2027,France
1939,Waeston,Female,60,16/08/2026,France
1941,Felisaas,Female,62,21/05/2026,France
1942,Demetas,Female,63,15/10/2028,France
1946,Nern ,Female,19,15/10/2017,France
1947,Kallsie,Male,20,16/08/2016,France
1949,Shennice,Male,22,21/05/2016,France
1950,Chasse,Female,23,15/10/2018,France
1954,Willoom,Female,27,15/10/2019,France
1956,Rosma,Female,29,21/05/2017,France
1957,Felisaas,Male,30,21/05/2018,France
1959,Jeromyw,Female,32,16/08/2019,France
1960,Rashid,Female,33,21/05/2018,France
1964,Siuau,Female,37,21/05/2019,France
1966,Chasse,Female,39,15/10/2022,France
1967,Tommye,Female,40,16/08/2021,France
1969,Angelee,Female,42,21/05/2021,France
1970,Willoom,Female,43,15/10/2023,France
1974,Demetas,Female,47,15/10/2024,France
1976,Rashid,Female,49,21/05/2022,France
1977,Dett,Female,50,21/05/2023,France
1979,Kallsie,Female,52,16/08/2024,France
1980,Siuau,Female,53,21/05/2023,France
1984,Dorcast,Female,57,21/05/2024,France
1986,Willoom,Female,59,15/10/2027,France
1987,Waeston,Female,60,16/08/2026,France
1989,Felisaas,Female,62,21/05/2026,France
1990,Demetas,Female,63,15/10/2028,France
1994,Nern ,Female,19,15/10/2017,France
1995,Kallsie,Male,20,16/08/2016,France
1997,Shennice,Male,22,21/05/2016,France
1998,Chasse,Female,23,15/10/2018,France
2002,Willoom,Female,27,15/10/2019,France
2004,Rosma,Female,29,21/05/2017,France
2005,Felisaas,Male,30,21/05/2018,France
2007,Jeromyw,Female,32,16/08/2019,France
2008,Rashid,Female,33,21/05/2018,France
2012,Siuau,Female,37,21/05/2019,France
2014,Chasse,Female,39,15/10/2022,France
2015,Tommye,Female,40,16/08/2021,France
2017,Angelee,Female,42,21/05/2021,France
2018,Willoom,Female,43,15/10/2023,France
2022,Demetas,Female,47,15/10/2024,France
2024,Rashid,Female,49,21/05/2022,France
2025,Dett,Female,50,21/05/2023,France
2027,Kallsie,Female,52,16/08/2024,France
2028,Siuau,Female,53,21/05/2023,France
2032,Dorcast,Female,57,21/05/2024,France
2034,Willoom,Female,59,15/10/2027,France
2035,Waeston,Female,60,16/08/2026,France
2037,Felisaas,Female,62,21/05/2026,France
2038,Demetas,Female,63,15/10/2028,France
2042,Nern ,Female,19,15/10/2017,France
2043,Kallsie,Male,20,16/08/2016,France
2045,Shennice,Male,22,21/05/2016,France
2046,Chasse,Female,23,15/10/2018,France
2050,Willoom,Female,27,15/10/2019,France
2052,Rosma,Female,29,21/05/2017,France
2053,Felisaas,Male,30,21/05/2018,France
2055,Jeromyw,Female,32,16/08/2019,France
2056,Rashid,Female,33,21/05/2018,France
2060,Siuau,Female,37,21/05/2019,France
2062,Chasse,Female,39,15/10/2022,France
2063,Tommye,Female,40,16/08/2021,France
2065,Angelee,Female,42,21/05/2021,France
2066,Willoom,Female,43,15/10/2023,France
2070,Demetas,Female,47,15/10/2024,France
2072,Rashid,Female,49,21/05/2022,France
2073,Dett,Female,50,21/05/2023,France
2075,Kallsie,Female,52,16/08/2024,France
2076,Siuau,Female,53,21/05/2023,France
2080,Dorcast,Female,57,21/05/2024,France
2082,Willoom,Female,59,15/10/2027,France
2083,Waeston,Female,60,16/08/2026,France
2085,Felisaas,Female,62,21/05/2026,France
2086,Demetas,Female,63,15/10/2028,France
2090,Nern ,Female,19,15/10/2017,France
2091,Kallsie,Male,20,16/08/2016,France
2093,Shennice,Male,22,21/05/2016,France
2094,Chasse,Female,23,15/10/2018,France
2098,Willoom,Female,27,15/10/2019,France
2100,Rosma,Female,29,21/05/2017,France
2101,Felisaas,Male,30,21/05/2018,France
2103,Jeromyw,Female,32,16/08/2019,France
2104,Rashid,Female,33,21/05/2018,France
2108,Siuau,Female,37,21/05/2019,France
2110,Chasse,Female,39,15/10/2022,France
2111,Tommye,Female,40,16/08/2021,France
2113,Angelee,Female,42,21/05/2021,France
2114,Willoom,Female,43,15/10/2023,France
2118,Demetas,Female,47,15/10/2024,France
2120,Rashid,Female,49,21/05/2022,France
2121,Dett,Female,50,21/05/2023,France
2123,Kallsie,Female,52,16/08/2024,France
2124,Siuau,Female,53,21/05/2023,France
2128,Dorcast,Female,57,21/05/2024,France
2130,Willoom,Female,59,15/10/2027,France
2131,Waeston,Female,60,16/08/2026,France
2133,Felisaas,Female,62,21/05/2026,France
2134,Demetas,Female,63,15/10/2028,France
2138,Nern ,Female,19,15/10/2017,France
2139,Kallsie,Male,20,16/08/2016,France
2141,Shennice,Male,22,21/05/2016,France
2142,Chasse,Female,23,15/10/2018,France
2146,Willoom,Female,27,15/10/2019,France
2148,Rosma,Female,29,21/05/2017,France
2149,Felisaas,Male,30,21/05/2018,France
2151,Jeromyw,Female,32,16/08/2019,France
2152,Rashid,Female,33,21/05/2018,France
2156,Siuau,Female,37,21/05/2019,France
2158,Chasse,Female,39,15/10/2022,France
2159,Tommye,Female,40,16/08/2021,France
2161,Angelee,Female,42,21/05/2021,France
2162,Willoom,Female,43,15/10/2023,France
2166,Demetas,Female,47,15/10/2024,France
2168,Rashid,Female,49,21/05/2022,France
2169,Dett,Female,50,21/05/2023,France
2171,Kallsie,Female,52,16/08/2024,France
2172,Siuau,Female,53,21/05/2023,France
2176,Dorcast,Female,57,21/05/2024,France
2178,Willoom,Female,59,15/10/2027,France
2179,Waeston,Female,60,16/08/2026,France
2181,Felisaas,Female,62,21/05/2026,France
2182,Demetas,Female,63,15/10/2028,France
2186,Nern ,Female,19,15/10/2017,France
2187,Kallsie,Male,20,16/08/2016,France
2189,Shennice,Male,22,21/05/2016,France
2190,Chasse,Female,23,15/10/2018,France
2194,Willoom,Female,27,15/10/2019,France
2196,Rosma,Female,29,21/05/2017,France
2197,Felisaas,Male,30,21/05/2018,France
2199,Demetas,Female,63,15/10/2028,France
2203,Nern ,Female,19,15/10/2017,France
2204,Kallsie,Male,20,16/08/2016,France
2206,Shennice,Male,22,21/05/2016,France
2207,Chasse,Female,23,15/10/2018,France
2211,Willoom,Female,27,15/10/2019,France
2213,Rosma,Female,29,21/05/2017,France
2214,Felisaas,Male,30,21/05/2018,France
2216,Jeromyw,Female,32,16/08/2019,France
2217,Rashid,Female,33,21/05/2018,France
2221,Siuau,Female,37,21/05/2019,France
2223,Chasse,Female,39,15/10/2022,France
2224,Tommye,Female,40,16/08/2021,France
2226,Angelee,Female,42,21/05/2021,France
2227,Willoom,Female,43,15/10/2023,France
2231,Demetas,Female,47,15/10/2024,France
2233,Rashid,Female,49,21/05/2022,France
2234,Dett,Female,50,21/05/2023,France
2236,Kallsie,Female,52,16/08/2024,France
2237,Siuau,Female,53,21/05/2023,France
2241,Dorcast,Female,57,21/05/2024,France
2243,Willoom,Female,59,15/10/2027,France
2244,Waeston,Female,60,16/08/2026,France
2246,Felisaas,Female,62,21/05/2026,France
2247,Demetas,Female,63,15/10/2028,France
2251,Nern ,Female,19,15/10/2017,France
2252,Kallsie,Male,20,16/08/2016,France
2254,Shennice,Male,22,21/05/2016,France
2255,Chasse,Female,23,15/10/2018,France
2259,Willoom,Female,27,15/10/2019,France
2261,Rosma,Female,29,21/05/2017,France
2262,Felisaas,Male,30,21/05/2018,France
2264,Jeromyw,Female,32,16/08/2019,France
2265,Rashid,Female,33,21/05/2018,France
2269,Siuau,Female,37,21/05/2019,France
2271,Chasse,Female,39,15/10/2022,France
2272,Tommye,Female,40,16/08/2021,France
2274,Angelee,Female,42,21/05/2021,France
2275,Willoom,Female,43,15/10/2023,France
2279,Demetas,Female,47,15/10/2024,France
2281,Rashid,Female,49,21/05/2022,France
2282,Dett,Female,50,21/05/2023,France
2284,Kallsie,Female,52,16/08/2024,France
2285,Siuau,Female,53,21/05/2023,France
2289,Dorcast,Female,57,21/05/2024,France
2291,Willoom,Female,59,15/10/2027,France
2292,Waeston,Female,60,16/08/2026,France
2294,Felisaas,Female,62,21/05/2026,France
2295,Demetas,Female,63,15/10/2028,France
2299,Nern ,Female,19,15/10/2017,France
2300,Kallsie,Male,20,16/08/2016,France
2302,Shennice,Male,22,21/05/2016,France
2303,Chasse,Female,23,15/10/2018,France
2307,Willoom,Female,27,15/10/2019,France
2309,Rosma,Female,29,21/05/2017,France
2310,Felisaas,Male,30,21/05/2018,France
2312,Jeromyw,Female,32,16/08/2019,France
2313,Rashid,Female,33,21/05/2018,France
2317,Siuau,Female,37,21/05/2019,France
2319,Chasse,Female,39,15/10/2022,France
2320,Tommye,Female,40,16/08/2021,France
2322,Angelee,Female,42,21/05/2021,France
2323,Willoom,Female,43,15/10/2023,France
2327,Demetas,Female,47,15/10/2024,France
2329,Rashid,Female,49,21/05/2022,France
2330,Dett,Female,50,21/05/2023,France
2332,Kallsie,Female,52,16/08/2024,France
2333,Siuau,Female,53,21/05/2023,France
2337,Dorcast,Female,57,21/05/2024,France
2339,Willoom,Female,59,15/10/2027,France
2340,Waeston,Female,60,16/08/2026,France
2342,Felisaas,Female,62,21/05/2026,France
2343,Demetas,Female,63,15/10/2028,France
2347,Nern ,Female,19,15/10/2017,France
2348,Kallsie,Male,20,16/08/2016,France
2350,Shennice,Male,22,21/05/2016,France
2351,Chasse,Female,23,15/10/2018,France
2355,Willoom,Female,27,15/10/2019,France
2357,Rosma,Female,29,21/05/2017,France
2358,Felisaas,Male,30,21/05/2018,France
2360,Jeromyw,Female,32,16/08/2019,France
2361,Rashid,Female,33,21/05/2018,France
2365,Siuau,Female,37,21/05/2019,France
2367,Chasse,Female,39,15/10/2022,France
2368,Tommye,Female,40,16/08/2021,France
2370,Angelee,Female,42,21/05/2021,France
2371,Willoom,Female,43,15/10/2023,France
2375,Demetas,Female,47,15/10/2024,France
2377,Rashid,Female,49,21/05/2022,France
2378,Dett,Female,50,21/05/2023,France
2380,Kallsie,Female,52,16/08/2024,France
2381,Siuau,Female,53,21/05/2023,France
2385,Dorcast,Female,57,21/05/2024,France
2387,Willoom,Female,59,15/10/2027,France
2388,Waeston,Female,60,16/08/2026,France
2390,Felisaas,Female,62,21/05/2026,France
2391,Demetas,Female,63,15/10/2028,France
2395,Nern ,Female,19,15/10/2017,France
2396,Kallsie,Male,20,16/08/2016,France
2398,Shennice,Male,22,21/05/2016,France
2399,Chasse,Female,23,15/10/2018,France
2403,Willoom,Female,27,15/10/2019,France
2405,Rosma,Female,29,21/05/2017,France
2406,Felisaas,Male,30,21/05/2018,France
2408,Dett,Female,50,21/05/2023,France
2410,Kallsie,Female,52,16/08/2024,France
2411,Siuau,Female,53,21/05/2023,France
2415,Dorcast,Female,57,21/05/2024,France
2417,Willoom,Female,59,15/10/2027,France
2418,Waeston,Female,60,16/08/2026,France
2420,Felisaas,Female,62,21/05/2026,France
2421,Demetas,Female,63,15/10/2028,France
2425,Nern ,Female,19,15/10/2017,France
2426,Kallsie,Male,20,16/08/2016,France
2428,Shennice,Male,22,21/05/2016,France
2429,Chasse,Female,23,15/10/2018,France
2433,Willoom,Female,27,15/10/2019,France
2435,Rosma,Female,29,21/05/2017,France
2436,Felisaas,Male,30,21/05/2018,France
2438,Jeromyw,Female,32,16/08/2019,France
2439,Rashid,Female,33,21/05/2018,France
2443,Siuau,Female,37,21/05/2019,France
2445,Chasse,Female,39,15/10/2022,France
2446,Tommye,Female,40,16/08/2021,France
2448,Angelee,Female,42,21/05/2021,France
2449,Willoom,Female,43,15/10/2023,France
2453,Demetas,Female,47,15/10/2024,France
2455,Rashid,Female,49,21/05/2022,France
2456,Dett,Female,50,21/05/2023,France
2458,Kallsie,Female,52,16/08/2024,France
2459,Siuau,Female,53,21/05/2023,France
2463,Dorcast,Female,57,21/05/2024,France
2465,Willoom,Female,59,15/10/2027,France
2466,Waeston,Female,60,16/08/2026,France
2468,Felisaas,Female,62,21/05/2026,France
2469,Demetas,Female,63,15/10/2028,France
2473,Nern ,Female,19,15/10/2017,France
2474,Kallsie,Male,20,16/08/2016,France
2476,Shennice,Male,22,21/05/2016,France
2477,Chasse,Female,23,15/10/2018,France
2481,Willoom,Female,27,15/10/2019,France
2483,Rosma,Female,29,21/05/2017,France
2484,Felisaas,Male,30,21/05/2018,France
2486,Jeromyw,Female,32,16/08/2019,France
2487,Rashid,Female,33,21/05/2018,France
2491,Siuau,Female,37,21/05/2019,France
2493,Chasse,Female,39,15/10/2022,France
2494,Tommye,Female,40,16/08/2021,France
2496,Angelee,Female,42,21/05/2021,France
2497,Willoom,Female,43,15/10/2023,France
2501,Demetas,Female,47,15/10/2024,France
2503,Rashid,Female,49,21/05/2022,France
2504,Dett,Female,50,21/05/2023,France
2506,Kallsie,Female,52,16/08/2024,France
2507,Siuau,Female,53,21/05/2023,France
2511,Dorcast,Female,57,21/05/2024,France
2513,Willoom,Female,59,15/10/2027,France
2514,Waeston,Female,60,16/08/2026,France
2516,Felisaas,Female,62,21/05/2026,France
2517,Demetas,Female,63,15/10/2028,France
2521,Nern ,Female,19,15/10/2017,France
2522,Kallsie,Male,20,16/08/2016,France
2524,Shennice,Male,22,21/05/2016,France
2525,Chasse,Female,23,15/10/2018,France
2529,Willoom,Female,27,15/10/2019,France
2531,Rosma,Female,29,21/05/2017,France
2532,Felisaas,Male,30,21/05/2018,France
2534,Jeromyw,Female,32,16/08/2019,France
2535,Rashid,Female,33,21/05/2018,France
2539,Siuau,Female,37,21/05/2019,France
2541,Chasse,Female,39,15/10/2022,France
2542,Tommye,Female,40,16/08/2021,France
2544,Angelee,Female,42,21/05/2021,France
2545,Willoom,Female,43,15/10/2023,France
2549,Demetas,Female,47,15/10/2024,France
2551,Rashid,Female,49,21/05/2022,France
2552,Dett,Female,50,21/05/2023,France
2554,Kallsie,Female,52,16/08/2024,France
2555,Siuau,Female,53,21/05/2023,France
2559,Dorcast,Female,57,21/05/2024,France
2561,Willoom,Female,59,15/10/2027,France
2562,Waeston,Female,60,16/08/2026,France
2564,Felisaas,Female,62,21/05/2026,France
2565,Demetas,Female,63,15/10/2028,France
2569,Nern ,Female,19,15/10/2017,France
2570,Kallsie,Male,20,16/08/2016,France
2572,Shennice,Male,22,21/05/2016,France
2573,Chasse,Female,23,15/10/2018,France
2577,Willoom,Female,27,15/10/2019,France
2579,Rosma,Female,29,21/05/2017,France
2580,Felisaas,Male,30,21/05/2018,France
2582,Demetas,Female,63,15/10/2028,France
2586,Nern ,Female,19,15/10/2017,France
2587,Kallsie,Male,20,16/08/2016,France
2589,Shennice,Male,22,21/05/2016,France
2590,Chasse,Female,23,15/10/2018,France
2594,Willoom,Female,27,15/10/2019,France
2596,Rosma,Female,29,21/05/2017,France
2597,Felisaas,Male,30,21/05/2018,France
2599,Jeromyw,Female,32,16/08/2019,France
2600,Rashid,Female,33,21/05/2018,France
2604,Siuau,Female,37,21/05/2019,France
2606,Chasse,Female,39,15/10/2022,France
2607,Tommye,Female,40,16/08/2021,France
2609,Angelee,Female,42,21/05/2021,France
2610,Willoom,Female,43,15/10/2023,France
2614,Demetas,Female,47,15/10/2024,France
2616,Rashid,Female,49,21/05/2022,France
2617,Dett,Female,50,21/05/2023,France
2619,Kallsie,Female,52,16/08/2024,France
2620,Siuau,Female,53,21/05/2023,France
2624,Dorcast,Female,57,21/05/2024,France
2626,Willoom,Female,59,15/10/2027,France
2627,Waeston,Female,60,16/08/2026,France
2629,Felisaas,Female,62,21/05/2026,France
2630,Demetas,Female,63,15/10/2028,France
2634,Nern ,Female,19,15/10/2017,France
2635,Kallsie,Male,20,16/08/2016,France
2637,Shennice,Male,22,21/05/2016,France
2638,Chasse,Female,23,15/10/2018,France
2642,Willoom,Female,27,15/10/2019,France
2644,Rosma,Female,29,21/05/2017,France
2645,Felisaas,Male,30,21/05/2018,France
2647,Jeromyw,Female,32,16/08/2019,France
2648,Rashid,Female,33,21/05/2018,France
2652,Siuau,Female,37,21/05/2019,France
2654,Chasse,Female,39,15/10/2022,France
2655,Tommye,Female,40,16/08/2021,France
2657,Angelee,Female,42,21/05/2021,France
2658,Willoom,Female,43,15/10/2023,France
2662,Demetas,Female,47,15/10/2024,France
2664,Rashid,Female,49,21/05/2022,France
2665,Dett,Female,50,21/05/2023,France
2667,Kallsie,Female,52,16/08/2024,France
2668,Siuau,Female,53,21/05/2023,France
2672,Dorcast,Female,57,21/05/2024,France
2674,Willoom,Female,59,15/10/2027,France
2675,Waeston,Female,60,16/08/2026,France
2677,Felisaas,Female,62,21/05/2026,France
2678,Demetas,Female,63,15/10/2028,France
2682,Nern ,Female,19,15/10/2017,France
2683,Kallsie,Male,20,16/08/2016,France
2685,Shennice,Male,22,21/05/2016,France
2686,Chasse,Female,23,15/10/2018,France
2690,Willoom,Female,27,15/10/2019,France
2692,Rosma,Female,29,21/05/2017,France
2693,Felisaas,Male,30,21/05/2018,France
2695,Jeromyw,Female,32,16/08/2019,France
2696,Rashid,Female,33,21/05/2018,France
2700,Siuau,Female,37,21/05/2019,France
2702,Chasse,Female,39,15/10/2022,France
2703,Tommye,Female,40,16/08/2021,France
2705,Angelee,Female,42,21/05/2021,France
2706,Willoom,Female,43,15/10/2023,France
2710,Demetas,Female,47,15/10/2024,France
2712,Rashid,Female,49,21/05/2022,France
2713,Dett,Female,50,21/05/2023,France
2715,Kallsie,Female,52,16/08/2024,France
2716,Siuau,Female,53,21/05/2023,France
2720,Dorcast,Female,57,21/05/2024,France
